"So, W.",2822,"Akobian, V.",2645,1/2-1/2,"1""]"
N/A,N/A,N/A,N/A,N/A
N/A,N/A,N/A,N/A,N/A
N/A,N/A,N/A,N/A,N/A
N/A,N/A,N/A,N/A,N/A,"04.10""]", c4 e6 2. Nc3 d5 3. d4 Be7 4. cxd5 exd5 5. Bf4 c6 6. e3 Bf5 7. g4 Be6 8. h4, g5 h6 10. g6 fxg6 11. Bd3 Nf8 12. Nf3 Bg4 13. Rg1 Nf6 14. Rg3 g5 15., Bxg5 Rh1+ 17. Bf1 Qc8 18. Qb3 N8h7 19. Bxf6 gxf6 20. O-O-O Bd6, Rxg4 Qxg4 22. Qxb7 Rc8 23. Qa6 Rc7 24. Be2 Rxd1+ 25. Kxd1 Qf5 26. Nd2 Ng5, f4 Nh3 28. Bf3 Bb4 29. Nxd5 cxd5 30. Qb5+ Kf7 31. Qxb4 Qd3 32. Bxd5+ Kg7, Qb3 Nf2+ 34. Ke1 Rc1+ 35. Kxf2 Qxd2+ 36. Kf3 Re1 37. Bc4 Qh2 38. Qb7+ Kh6, Qe7 Qh1+ 40. Kf2 Qh4+ 41. Kf3 Qh1+ 42. Kf2 Qh4+ 43. Kf3 Qh3+ 44. Kf2 Qh4+, Kf3 Qh3+ 1/2-1/2
"So, W.",2822,"Wojtaszek, R.",2745,1/2-1/2,"4""]"
N/A,N/A,N/A,N/A,N/A
N/A,N/A,N/A,N/A,N/A
N/A,N/A,N/A,N/A,N/A
N/A,N/A,N/A,N/A,N/A,"04.24""]", Nf3 d5 2. d4 Nf6 3. Bf4 Bf5 4. e3 e6 5. c4 Bxb1 6. Qxb1 Bb4+ 7. Kd1 Bd6 8., Bxf6 Qxf6 10. c5 Bf8 11. Qc2 c6 12. b4 a6 13. Bd3 Nd7 14. Ke2 g5 15., a4 Qe7 17. Rad1 O-O 18. g4 e5 19. Bh7+ Kh8 20. Bf5 exd4 21. h4 Ne5, Nxd4 gxh4 23. Bd3 Qg5 24. Rdg1 Nxd3 25. Qxd3 Bxd4 26. Qxd4+ Qg7 27. Qd2 Qf6, g5 hxg5 29. f4 Rg8 30. fxg5 Qe5 31. Rxh4+ Kg7 32. g6 Rh8 33. gxf7+ Kxf7 34., Rxd4 Rag8 36. Rf1+ Ke7 37. Rdf4 Rf8 38. Rxf8 Rxf8 39. Rxf8 Kxf8, e4 dxe4 1/2-1/2
"So, W.",2822,"Radjabov, T.",2710,1/2-1/2,"4""]"
N/A,N/A,N/A,N/A,N/A
N/A,N/A,N/A,N/A,N/A
N/A,N/A,N/A,N/A,N/A
N/A,N/A,N/A,N/A,N/A, c4 c5 2. Nf3 Nc6 3. e3 e6 4. d4 d5 5. cxd5 exd5 6. Bb5 cxd4 7. Nxd4 Bd7 8., b3 Bd6 10. Bb2 O-O 11. Nd2 Re8 12. Rc1 Rc8 13. N2f3 Qe7 14. Qe2 Bb8, Rfd1 Qd6 16. Nxc6 bxc6 17. Ba6 Rcd8 18. Bd3 Ne4 19. Bxe4 Rxe4 20. Qc2 Rde8, g3 Bg4 22. Ng5 Bxd1 23. Nxe4 Bxc2 24. Nxd6 Bxd6 25. Rxc2 Rc8 26. Kf1 f5 27., e4 fxe4 29. fxe4 dxe4 30. Rc4 c5 31. Rxe4 Rc6 32. Ra4 a6 33. Ke2 g5, Bc1 h6 35. Re4 Be7 36. Be3 Re6 37. Rc4 g4 38. Kd2 Rd6+ 39. Kc1 h5 40. Rxc5, Rc3 Bb4 42. Rd3 Rd6 43. Kc2 Ke6 44. Bd4 Kd5 45. Ba7+ Kc6 46. Rxd6+ Kxd6, Kd3 Kd5 48. a4 Be7 49. Bf2 Bb4 50. Bb6 Be7 51. Kc3 h4 52. gxh4 Bxh4 53. Bc7, Kd3 Bf2 55. b4 Bd4 56. Ke2 Kc4 57. Bd6 Bg1 58. a5 Bxh2 59. Bxh2 Kxb4
"So, W.",2815,"Giri, A.",2785,1/2-1/2,"5""]"
N/A,N/A,N/A,N/A,N/A
N/A,N/A,N/A,N/A,N/A
N/A,N/A,N/A,N/A,N/A, d4 Nf6 2. Nf3 d5 3. c4 e6 4. Nc3 c5 5. cxd5 Nxd5 6. e3 cxd4 7. exd4 Nxc3 8., Bd2 Nd7 10. Bd3 b6 11. Ng5 Nf6 12. Qf3 Rb8 13. O-O h6 14. Qh3 Bd6, Ne4 Nxe4 16. Bxe4 O-O 17. Bc2 Bf4 18. Qd3 g6 19. Rfe1 Bxh2+ 20. Kh1 Bf4 21., Qxd2 Kg7 23. Rae1 Bd7 24. Rg4 Rbc8 25. Re3 f5 26. Rh4 g5 27. Rhh3, Re5 Qd6 29. Rhe3 b5 30. Bb3 f4 31. Re1 f3 32. g3 Qf8 33. Kg1 Qf7 34., R1e3 Rf5 36. Rxf5 Qxf5 37. Rxf3 Qxd3 38. Rxd3 Kf6 39. Rf3+ Ke7 40., Kf1 e5 42. Rf3 exd4 43. cxd4 Bh3+ 44. Kg1 Re1+ 45. Kh2 Bg4 46. Rf6+, Rf7+ Kd6 48. Rf6+ Ke7 49. Rf7+ Kd6 50. Rf6+ Ke7 51. Rf7+ 1/2-1/2
"So, W.",2815,"Giri, A.",2785,1/2-1/2,"11""]"
N/A,N/A,N/A,N/A,N/A
N/A,N/A,N/A,N/A,N/A
N/A,N/A,N/A,N/A,N/A, d4 Nf6 2. Nf3 g6 3. Bg5 Bg7 4. Nbd2 O-O 5. e4 h6 6. Bh4 d6 7. Bd3 Nc6 8. O-O, c3 a5 10. Qc2 exd4 11. Nxd4 Bd7 12. Nxc6 bxc6 13. f4 Qb8 14. Kh1 a4 15., e5 dxe5 17. Nc4 Rd5 18. Nxe5 Qc8 19. Qxa4 Ng4 20. Nxd7 Qxd7 21., Bg3 Qe7 23. Bf3 Qd7 24. Rd1 Qf5 25. Qxc6 Ne3 26. Rfe1 Nxd1 27. Rxd1, Bxh5 gxh5 29. Qf3 Qxb2 30. Qxh5 Qxa2 31. f5 Qc4 32. f6 Bxf6 33. Qxh6, Qe3 Qxc3 35. Qxc3 Bxc3 36. Bxc7 Rc8 37. Bf4 Bg7 38. h4 Rc4 39. Rf1 Bh6, Bg3 Kg7 41. Kh2 Kg6 42. Rf3 f5 43. Bf2 Rf4 44. Kg3 Rxf3+ 45. Kxf3 Bf8 46., Be5 Ba3 48. g3 Bb4 49. Bd4 Bd6 50. g4 fxg4+ 51. Kxg4 Kh7 52. Be5, h5 Kh6 54. Kf3 Kxh5 1/2-1/2
"So, W.",2815,"Giri, A.",2785,1/2-1/2,"17""]"
N/A,N/A,N/A,N/A,N/A
N/A,N/A,N/A,N/A,N/A
N/A,N/A,N/A,N/A,N/A, Nf3 Nf6 2. d4 d5 3. c4 e6 4. Nc3 c6 5. e3 Nbd7 6. Qc2 Bd6 7. b3 O-O 8. Be2, O-O Bb7 10. Bb2 Qe7 11. Rad1 Rac8 12. e4 dxe4 13. Nxe4 Nxe4 14. Qxe4 Nf6, Qh4 c5 16. Rfe1 Bxf3 17. Bxf3 cxd4 18. Qxd4 Rfd8 19. Qe3 h6 20. Qe2 Bb4 21., Rd1 Rxd1+ 23. Qxd1 e5 24. g3 e4 25. Bxf6 Qxf6 26. Bxe4 Bc5 27., Kg2 Kg7 29. Bd5 h5 30. Qf3 1/2-1/2
"So, W.",2815,"Giri, A.",2785,1/2-1/2,"19""]"
N/A,N/A,N/A,N/A,N/A
N/A,N/A,N/A,N/A,N/A
N/A,N/A,N/A,N/A,N/A, Nf3 c5 2. g3 Nc6 3. Bg2 g6 4. c3 Bg7 5. d4 cxd4 6. cxd4 d5 7. Nc3 e6 8. O-O, b3 O-O 10. Ba3 b6 11. Rc1 Ba6 12. Qd2 Qd7 13. Rfd1 Rfc8 14. Rc2 Nf5 15., Bxf8 Kxf8 17. Bf1 Bxf1 18. Rxf1 Nd6 19. Ne5 Nxe5 20. dxe5 Nb5 21., Qxc2 Rc8 23. Qd2 a5 24. Rc1 Rxc1+ 25. Qxc1 Qc7 26. Qxc7 Nxc7 27., f4 Kd7 29. Kf2 b5 30. a3 b4 31. axb4 axb4 32. Kf3 Na6 33. g4 Nc5, h3 Ke7 35. Ke2 Kd7 36. Kf3 Ke7 37. Ke2 Kd7 38. Kf3 1/2-1/2
"So, W.",2815,"Giri, A.",2785,1/2-1/2,"25""]"
N/A,N/A,N/A,N/A,N/A
N/A,N/A,N/A,N/A,N/A
N/A,N/A,N/A,N/A,N/A, d4 Nf6 2. Nf3 d5 3. c4 c6 4. Nc3 dxc4 5. a4 a5 6. e4 Bg4 7. Bxc4 e6 8. Be3, h3 Bh5 10. O-O Bb4 11. Bd3 O-O 12. Qc2 Bxf3 13. gxf3 e5 14. dxe5 Nxe5, Be2 Ng6 16. f4 Bxc3 17. bxc3 Qe7 18. Bf3 Rae8 19. e5 Nd5 20. Bxd5 cxd5 21., Qe2 f6 23. Rxd5 fxe5 24. Rxe5 Nf3+ 25. Qxf3 Qxe5 26. fxe5 Rxf3 27., Rb1 Re7 29. Rb5 Rh6 30. Rxa5 Ra6 31. Rd5 Rxa4 32. Kg2 Kf7 33. f4, Rd8 Ra1 35. Kf3 Rf1+ 36. Ke4 Re1+ 37. Be3 g6 38. Rf8 Rc7 39. Kd3 Rd1+, Ke2 Rd5 41. Bd4 Rf7 42. Re8+ Kd7 43. Rh8 Rxf4 44. Rxh7+ Kc6 45. Rg7 Rg4 46., Kf4 Rf5+ 48. Ke4 Rg5 49. Kf4 Rf5+ 50. Ke4 Rg5 51. Kf4 1/2-1/2
"So, W.",2815,"Giri, A.",2785,1/2-1/2,"1""]"
N/A,N/A,N/A,N/A,N/A
N/A,N/A,N/A,N/A,N/A
N/A,N/A,N/A,N/A,N/A, e4 c5 2. Nf3 d6 3. d4 cxd4 4. Nxd4 Nf6 5. Nc3 a6 6. Be3 Ng4 7. Bc1 Nf6 8. f3, Nb3 Be6 10. Be3 h5 11. Qd2 Nbd7 12. Nd5 Bxd5 13. exd5 g6 14. Be2 Bg7 15., c4 O-O 17. h3 Nh7 18. g4 hxg4 19. hxg4 Bf6 20. Kg2 Bg5 21. Rh1 Bxe3, Qxe3 Qg5 23. Kf2 Qxe3+ 24. Kxe3 Kg7 25. Nd2 Ng5 26. b4 a5 27. a3 Ra7 28., Nb3 Nf6 30. bxa5 bxa5 31. Rab1 e4 32. Bxe4 Re8 33. Nd2 Ngxe4 34., Nxe4 Rae7 36. Rh3 Rxe4+ 37. Kd3 Rxg4 38. Rb6 Ree4 39. Rc6 g5 40., Rxd6 Rd4+ 42. Ke3 Rxc4 43. Rfxf6 Rg3+ 44. Kf2 Rxa3 45. Rg6+ Kf7 46., Rg6+ Kf7 48. Rgf6+ Kg7 49. Rg6+ 1/2-1/2
"So, W.",2812,"Kramnik, V.",2808,1/2-1/2,"2""]"
N/A,N/A,N/A,N/A,N/A
N/A,N/A,N/A,N/A,N/A
N/A,N/A,N/A,N/A,N/A
N/A,N/A,N/A,N/A,N/A, d4 d5 2. Bf4 c5 3. e3 Nc6 4. Nf3 Bg4 5. Nbd2 e6 6. h3 Bxf3 7. Nxf3 Bd6 8., exf4 Qa5+ 10. c3 Qxc5 11. Bd3 Nf6 12. O-O O-O-O 13. b4 Qd6 14. b5, Ne5 Qc7 16. Qa4 Rhf8 17. Rfe1 Kb8 18. Qb4 Rc8 19. Rac1 Nc4 20. a4 Nxe5, fxe5 Nd7 22. a5 Qc5 23. Qf4 Ka8 24. a6 f5 25. c4 Nb6 26. cxd5 Nxd5 27. Qg3, Rxc1 Rxc1+ 29. Kh2 Rc7 30. Be2 h6 31. Bf3 Rd8 32. Qg6 Re7 33. Qh5 Kb8, Qh4 Red7 35. axb7 Kxb7 36. Qa4 Kb8 37. Qa6 Nb6 38. Qa2 Nd5 39. Bxd5 Rxd5, Qa6 Rxe5 41. b6 axb6 42. Qxb6+ Kc8 43. Qa6+ Kb8 44. Qb6+ Kc8 45. Qc6+ Kb8, Qb6+ 1/2-1/2
"So, W.",2812,"Karjakin, Sergey",2781,1/2-1/2,"5""]"
N/A,N/A,N/A,N/A,N/A
N/A,N/A,N/A,N/A,N/A
N/A,N/A,N/A,N/A,N/A
N/A,N/A,N/A,N/A,N/A, e4 e5 2. Nf3 Nc6 3. Bc4 Bc5 4. O-O Nf6 5. d3 O-O 6. a4 a6 7. c3 d6 8. Re1, h3 Ne7 10. d4 Ng6 11. Nbd2 c6 12. Bf1 Re8 13. dxe5 dxe5 14. Qc2 b5 15., Nb3 Qe7 17. Bd2 h6 18. c4 Rac8 19. c5 Bb8 20. axb5 axb5 21. Ra6 Red8, Na5 Qe8 23. Bc3 Nh7 24. g3 Nhf8 25. Rb6 Kh7 26. Rxb8 Rxb8 27. Nxe5 Nxe5 28., Bd6 Ra6 30. f4 Rda8 31. f5 Bc4 32. Bxc4 bxc4 33. e5 Nd7 34. Qxc4, e6 Nd5 36. Qe4 f6 37. e7 Nxb4 38. Qxb4 Rxa5 39. Qg4 Kg8 40. Qg6 Ra2 41., Kf1 Rb2 43. h4 Rb4 44. h5 Rb2 45. Bc7 Rd2 46. Bf4 Rd4 47. Bd6 Rb4, Re2 Rb1+ 49. Kf2 Rb3 50. Bc7 Rd3 51. Bf4 Rd4 52. Bd6 Rb4 53. Kg3 Rb3+ 54., Re6 R3a7 56. Re3 Ra4 57. Kg3 Rb4 58. Bc7 Rd4 59. Bf4 Rd7 60. Bd6, g5 hxg5 62. h6 Qxg6 63. fxg6 Re8 64. h7+ Kh8 65. Kg4 f5+ 66. Kxg5 Rb1, Ra3 Rg1+ 68. Kxf5 Re1 69. Ra2 R8xe7 70. Bxe7 Re5+ 71. Kxe5 1/2-1/2
"So, W.",2812,"Vachier Lagrave, M.",2796,1/2-1/2,"5""]"
N/A,N/A,N/A,N/A,N/A
N/A,N/A,N/A,N/A,N/A
N/A,N/A,N/A,N/A,N/A
N/A,N/A,N/A,N/A,N/A, d4 Nf6 2. c4 g6 3. g3 c6 4. Nf3 Bg7 5. Bg2 d5 6. b3 O-O 7. Bb2 c5 8. dxc5, O-O Qc7 10. Qc1 Qxc5 11. Na3 Qh5 12. Nxc4 Nc6 13. Qg5 Qxg5 14. Nxg5 Bd7, Rfd1 Rfd8 16. Nf3 Be6 17. Nfe5 Rxd1+ 18. Rxd1 Rd8 19. Rxd8+ Nxd8 20. Nd3, Ba3 Kf8 22. Nc5 Nc3 23. Nxe6+ fxe6 24. Kf1 Nxa2 25. Na5 b6 26. Nc6 Nxc6, Bxc6 Be5 28. e3 Bd6 29. Bb2 Nb4 30. Be4 Kf7 31. Ke2 Nd5 32. Bd3 e5 33. h4, Bb5 e6 35. Bc6 Nd5 36. Kf3 h5 37. Ke4 Nf6+ 38. Kd3 Ng4 39. Ke2 Nf6 40., Ke2 Nf6 42. Kd3 Ng4 43. Ke2 1/2-1/2
"So, W.",2812,"Caruana, F.",2808,1/2-1/2,"4""]"
N/A,N/A,N/A,N/A,N/A
N/A,N/A,N/A,N/A,N/A
N/A,N/A,N/A,N/A,N/A
N/A,N/A,N/A,N/A,N/A, d4 d5 2. c4 dxc4 3. e3 Nf6 4. Bxc4 e6 5. Nf3 c5 6. O-O a6 7. dxc5 Bxc5 8., Be2 Ke7 10. Ne5 Nbd7 11. Nd3 Bd6 12. Nd2 b5 13. Nb3 Bb7 14. Na5, Bd2 Rhc8 16. Rfc1 Ne5 17. Nb4 Nc4 18. Nxc4 bxc4 19. Nxd5+ exd5 20. Bc3, Rc2 Bb4 22. Be5 Bd6 23. Bd4 Bc5 24. Bxf6+ Kxf6 25. Rd1 Rd8 26. Rcd2, Bf3 d4 28. exd4 Rb4 29. Rc2 Rdb8 30. Rdd2 Kg6 31. a3 R4b6 32. g3 Bg5, Re2 Bf6 34. Be4+ Kh6 35. Red2 Re8 36. Bd5 Rxb2 37. Bxf7 c3 38. Rxb2 Rd8 39., Rxb2 Bxd4 41. Rb4 g6 42. Ra4 Rd6 43. Kf1 Bb2 44. Ra5 Rc6 45. a4, Bd5 Rc1+ 47. Kg2 Rc2 48. Be4 Rd2 49. Rxa6 Bd4 50. Rd6 Rxf2+ 51. Kh3 Be3, a5 Ra2 53. a6 Bg1 54. Kg4 Ra3 55. Rd1 Bc5 56. Rd7+ Kf6 57. Bd3 Bg1 58. h3, Bb5 h5+ 60. Kf4 h4 61. gxh4 Rxa6 62. Rg7 Kf6 63. Rxg6+ Kxg6 64. h5+, Be2+ Kh4 66. Bxa6 Kxh3 1/2-1/2
"So, W.",2812,"Aronian, L.",2793,1/2-1/2,"3""]"
N/A,N/A,N/A,N/A,N/A
N/A,N/A,N/A,N/A,N/A
N/A,N/A,N/A,N/A,N/A
N/A,N/A,N/A,N/A,N/A, d4 Nf6 2. c4 e6 3. Nf3 d5 4. Nc3 Be7 5. Bf4 O-O 6. e3 Nbd7 7. a3 c5 8. cxd5, Nxd5 exd5 10. dxc5 Nxc5 11. Be5 Bf6 12. Bxf6 Qxf6 13. Qd4 Qe7 14. Rd1, Be2 Bf5 16. Qb4 a5 17. Qc3 Ne4 18. Qd4 Nc5 19. Qc3 Ne4 20. Qe5 Qxe5 21., Nf3 Nc5 23. Nd4 Bd7 24. f3 Ba4 25. Rd2 Nb3 26. Nxb3 Bxb3 27. Kf2, f4 g6 29. e4 Rf6 30. exd5 Rxf4+ 31. Bf3 Rd8 32. Kg3 Rf6 33. Rc1 Rfd6, Rd4 a4 35. h4 Kg7 36. Rc3 h6 37. Rc7 Bxd5 38. Rxa4 Bxf3 39. gxf3 b5 40. Rf4, Rxd7 Rxd7 42. Rb4 Rd5 43. Kf4 f5 44. Ke3 Kf6 45. Rd4 Rxd4 46. Kxd4 g5, hxg5+ hxg5 48. b3 Ke6 49. a4 bxa4 50. bxa4 Kd6 51. a5 g4 52. fxg4 fxg4 53., a7 Kb7 55. a8=Q+ Kxa8 56. Kd3 g3 57. Ke2 g2 58. Kf2 g1=Q+ 59. Kxg1
"So, W.",2812,"Mamedyarov, S.",2800,1/2-1/2,"4""]"
N/A,N/A,N/A,N/A,N/A
N/A,N/A,N/A,N/A,N/A
N/A,N/A,N/A,N/A,N/A
N/A,N/A,N/A,N/A,N/A, Nf3 Nf6 2. c4 g6 3. Nc3 d5 4. cxd5 Nxd5 5. e4 Nxc3 6. dxc3 Qxd1+ 7. Kxd1 Nd7, Bf4 c6 9. Kc2 Nc5 10. Nd2 Bg7 11. Be3 Na4 12. Bc4 Nb6 13. Bb3 Nd7 14. a4 O-O, h4 h5 16. a5 Ne5 17. f3 Rd8 18. Rhd1 Kf8 19. Nc4 Rxd1 20. Rxd1 Ke8 21. Nd2, Bd4 b6 23. Ra1 Bb7 24. g3 c5 25. Bxe5 Bxe5 26. f4 Bc7 27. axb6 axb6 28., Bd5 Bxd5 30. exd5 Kd7 31. Kd3 Kd6 32. c4 e6 33. Ne4+ Kd7 34., Nc3 Bd8 36. Nd5 Kf5 37. Ne3+ Ke6 38. b3 Be7 39. Nd5 Bd8 40. Ke4, Kd3 Kd6 42. Kc3 b5 43. Kd3 Kc6 44. Nc3 b4 45. Nd5 Kd6 46. Ke3 Ke6 47., Ke3 1/2-1/2
"So, W.",2812,"Topalov, V.",2749,1/2-1/2,"2""]"
N/A,N/A,N/A,N/A,N/A
N/A,N/A,N/A,N/A,N/A
N/A,N/A,N/A,N/A,N/A
N/A,N/A,N/A,N/A,N/A, Nf3 d5 2. e3 g6 3. c4 Nf6 4. cxd5 Nxd5 5. d4 Bg7 6. e4 Nb6 7. Nc3 O-O 8. Be3, Be2 Nc6 10. d5 Bxf3 11. gxf3 Ne5 12. Qb3 c5 13. f4 c4 14. Qc2 Nd3+ 15., Qxd3 Rc8 17. Bd4 Bxd4 18. Qxd4 Nc4 19. b3 Nd6 20. O-O Qd7 21. Qe3, Ne2 Rfc8 23. f3 Qh3 24. Rf2 Rc2 25. a4 a6 26. Raf1 h5 27. Kh1 Rb2 28., Rg1 Nxf5 30. exf5 Qxf5 31. Rfg2 Qxd5 32. Qf4 Kh7 33. Rg5 Qe6 34., Rxh5+ gxh5 36. Qd3+ Kh6 37. Qe3+ Kh7 38. Qd3+ Kh6 39. Qe3+ 1/2-1/2
"So, W.",2812,"Topalov, V.",2749,1/2-1/2,"4""]"
N/A,N/A,N/A,N/A,N/A
N/A,N/A,N/A,N/A,N/A
N/A,N/A,N/A,N/A,N/A
N/A,N/A,N/A,N/A,N/A, c4 e5 2. Nc3 Nf6 3. Nf3 Nc6 4. g3 d5 5. cxd5 Nxd5 6. Bg2 Nb6 7. O-O Be7 8., d3 Be6 10. Be3 O-O 11. d4 exd4 12. Nxd4 Nxd4 13. Bxd4 c6 14. f4 f5, e4 Rf7 16. Bh3 Nc4 17. exf5 Bxf5 18. Bxf5 Rxf5 19. Qd3 Qxd4+ 20. Qxd4 Bc5, Rfd1 Bxd4+ 22. Rxd4 Ne3 23. Kf2 Ng4+ 24. Kg2 Re8 25. h3 Nf6 26. g4 Rc5 27., a3 Re3 29. g5 Nd5 30. Nxd5 Rxd5 31. Rxd5 cxd5 32. Rxd5 Re2+ 33. Kf3, f5 Rb3+ 35. Kg4 Rxa3 36. Rxb5 a4 37. Ra5 Ra1 38. g6 hxg6 39. fxg6 Kf8, Ra8+ Ke7 41. Ra7+ Kf8 42. Ra8+ Ke7 43. Ra7+ Kf8 44. Kh5 a3 45. Ra8+ Ke7 46., Rf7+ Kg8 48. Rf3 a2 49. Rf2 Rb1 50. Rxa2 Rb5+ 51. Kg4 Rb4+ 52. Kg3, Kg4 Rb4+ 54. Kf5 Rb5+ 55. Ke4 Kf8 56. Rf2+ Ke7 57. Rf5 Rxf5 58. Kxf5, h4 Kg8 60. h5 Kh8 1/2-1/2
"So, W.",2812,"Vachier Lagrave, M.",2796,1/2-1/2,"2""]"
N/A,N/A,N/A,N/A,N/A
N/A,N/A,N/A,N/A,N/A
N/A,N/A,N/A,N/A,N/A
N/A,N/A,N/A,N/A,N/A, d4 Nf6 2. c4 g6 3. Nc3 d5 4. cxd5 Nxd5 5. e4 Nxc3 6. bxc3 Bg7 7. Be3 c5 8., Qd2 e5 10. d5 Qd6 11. Bd3 f5 12. f3 Nd7 13. Ne2 Nf6 14. c4 fxe4 15., fxe4 b6 17. Bf2 Ba6 18. O-O b5 19. cxb5 Bxb5 20. Bxc5 Rxf1+ 21., Ke1 Bc4 23. Be7 Bf8 24. d6 Bxe7 25. dxe7 Re8 26. Ng1 Bf7 27. Nf3, Qb4 Re8 29. a3 Qf6 30. Kf2 g5 31. h3 Bh5 32. Rc7 g4 33. hxg4 Bxg4 34., Qb5 Rf8 36. Kg1 Bg4 37. Qd5+ Kh8 38. Rc6 Qg7 39. Nxe5 Be2 40. Qd4, Qd5+ Kh8 42. Qc5 Rg8 43. Qf2 Qxe5 44. Qxe2 Re8 45. Qf3 Qxe4 46. Qxe4, Rc8+ Kg7 48. Rc7+ Kg6 49. Rxa7 Re2 50. a4 Ra2 51. a5 h5 52. Kh2 Ra3, g3 Ra2+ 54. Kh3 Ra4 55. Ra8 Kg7 56. a6 Kh7 57. Kg2 Ra3 58. Kf2 Kg7 59. Kg2, Kh3 Ra4 1/2-1/2
"So, W.",2812,"Carlsen, M.",2832,1/2-1/2,"3""]"
N/A,N/A,N/A,N/A,N/A
N/A,N/A,N/A,N/A,N/A
N/A,N/A,N/A,N/A,N/A
N/A,N/A,N/A,N/A,N/A, e4 c5 2. Nf3 d6 3. d4 cxd4 4. Nxd4 Nf6 5. Nc3 Bd7 6. Be2 Nc6 7. Be3 e6 8. g4, f4 Nxd4 10. Qxd4 e5 11. fxe5 Nxg4 12. O-O-O Nxe3 13. Qxe3 Qg5 14. Qxg5, exd6 O-O-O 16. e5 Re8 17. Rhf1 f6 18. exf6 gxf6 19. Rxf6 Bg7 20. Rf7, Rxd7 Kxd7 22. Bb5+ Kd8 23. Bxe8 Be5 24. Bg6 Rxh2 25. Bf5 Rf2 26. Bh3, Rd5 Re4 28. Bf5 Bf4+ 29. Kd1 Re5 30. Rxe5 Bxe5 31. d7 Bxb2 32. Ke2
"So, W.",2812,"Ivanchuk, V.",2738,1/2-1/2,"1""]"
N/A,N/A,N/A,N/A,N/A
N/A,N/A,N/A,N/A,N/A
N/A,N/A,N/A,N/A,N/A
N/A,N/A,N/A,N/A,N/A, e4 e5 2. Nf3 Nc6 3. Bc4 Nf6 4. d3 Be7 5. O-O O-O 6. Re1 d6 7. a4 h6 8. c3 a6, Nbd2 Be6 10. Qc2 Qd7 11. b4 Nh7 12. Bxe6 fxe6 13. Bb2 b6 14. b5 axb5 15., c4 Ng5 17. d4 exd4 18. Nxd4 Bf6 19. Ne2 Bxb2 20. Qxb2 Nb7 21. f4, Nb3 Nf6 23. e5 dxe5 24. Rxa8 Rxa8 25. Qxe5 Nd6 26. Ned4 Nxc4 27. Qxe6+, Nxe6 Nd5 29. Rc1 Nde3 30. Kf2 Ra2+ 31. Kf3 Ra3 32. Nbd4 Nd5+ 33. Ke4, Kf5 Ne3+ 35. Kg6 Nxg2 36. Nxg7 Nd5 37. Nge6 Ngxf4+ 38. Nxf4 Nxf4+ 39., Rc4 Ng2 41. Kg6 Nh4+ 42. Kf6 Nf3 43. Nf5 Rd7 44. Nxh6+ Kf8 45. Ng4, Kf5 Nd4+ 47. Ke5 Nxb5 48. Rxc7 Nxc7 49. Kxd6 Ne8+ 50. Kc6 Ng7 51. Kxb6, Nf6 Kxf6 53. h4 Kg6 54. h5+ Nxh5 1/2-1/2
"So, W.",2812,"Aronian, L.",2793,1/2-1/2,"1""]"
N/A,N/A,N/A,N/A,N/A
N/A,N/A,N/A,N/A,N/A
N/A,N/A,N/A,N/A,N/A
N/A,N/A,N/A,N/A,N/A, d4 Nf6 2. c4 e6 3. Nf3 d5 4. Nc3 Bb4 5. Bg5 dxc4 6. e4 b5 7. a4 c5 8. axb5, Nxd4 h6 10. Bxf6 Qxf6 11. Bxc4 O-O 12. O-O Rd8 13. Qb3 Bc5 14. Nf3 Nd7, Na4 Bf8 16. Qe3 Bb7 17. Rfd1 Ne5 18. Nxe5 Qxe5 19. f3 Be7 20. Rxd8+ Bxd8, Rd1 Bg5 22. Qf2 Qc7 23. Nc5 Rd8 24. Rxd8+ Bxd8 25. b4 Bc8 26. g3 Qe5 27., Kg2 Bxc5 29. bxc5 Qxc5 30. Qd8+ Kh7 31. Qd3 g5 32. h4 gxh4 33. gxh4, Qc3+ e5 35. f4 Be6 36. Qg3+ Kf6 37. fxe5+ Qxe5 38. Qf3+ Kg6 39. Bxe6, Qg3+ Kf6 41. Qf2+ Kg6 42. Qg3+ Kf6 43. Qf2+ 1/2-1/2
"So, W.",2812,"Kramnik, V.",2808,1/2-1/2,"2""]"
N/A,N/A,N/A,N/A,N/A
N/A,N/A,N/A,N/A,N/A
N/A,N/A,N/A,N/A,N/A
N/A,N/A,N/A,N/A,N/A, c4 e6 2. Nc3 d5 3. d4 Nf6 4. Bg5 Be7 5. e3 h6 6. Bh4 O-O 7. Nf3 Nbd7 8. Rc1, dxc5 Nxc5 10. cxd5 g5 11. Bg3 Nxd5 12. Nxd5 Qxd5 13. Qxd5 exd5 14. Be5, Be2 Rac8 16. O-O Bd3 17. Bxd3 Nxd3 18. Rcd1 Nxe5 19. Nxe5 Rc2 20. Rxd5, Rd7 Bf6 22. Nc4 Rxa2 23. Rxb7 Rd8 24. h3 a5 25. Ra7 a4 26. Rb1 Bg7 27., Kg2 a3 29. Rb3 Rc2 30. Nxa3 Bxa3 31. Raxa3 Rdd2 32. Rb6 Rxf2+ 33., Raa6 Rg2+ 35. Kf3 Rcf2+ 36. Ke4 Rg3 37. Rxh6 Rff3 38. Rh5 Rxe3+ 39., Kc4 Rc3+ 41. Kd4 Rcd3+ 42. Kc4 1/2-1/2
"So, W.",2810,"Anand, V.",2783,1/2-1/2,"1""]"
N/A,N/A,N/A,N/A,N/A
N/A,N/A,N/A,N/A,N/A
N/A,N/A,N/A,N/A,N/A, e4 e5 2. Nf3 Nc6 3. Bb5 Nf6 4. d3 Bc5 5. c3 O-O 6. O-O Re8 7. Bg5 a6 8. Bc4, a4 d6 10. Nbd2 h6 11. Bh4 Nh5 12. Bxe7 Qxe7 13. Re1 Nf4 14. Nf1 Be6 15., g3 Ng6 17. d4 exd4 18. cxd4 d5 19. e5 a5 20. Rc1 Qd7 21. Ne3 Nf8, Qb3 Nb4 23. Nc2 Nxc2 24. Rxc2 Ne6 25. Rc3 Reb8 26. Qb5 Qxb5 27. axb5 a4 28., b4 Ra7 30. Rca3 Rba8 31. Rc1 g5 32. h3 h5 33. g4 hxg4 34. hxg4 Kg7, Kf1 Rh8 36. Ke2 Rh3 37. Rca1 Ra8 38. Rxa4 Nf4+ 39. Ke3 1/2-1/2
"So, W.",2810,"Anand, V.",2783,1/2-1/2,"3""]"
N/A,N/A,N/A,N/A,N/A
N/A,N/A,N/A,N/A,N/A
N/A,N/A,N/A,N/A,N/A, d4 Nf6 2. c4 e6 3. Nc3 Bb4 4. e3 O-O 5. Bd3 c5 6. Nge2 d5 7. cxd5 cxd4 8., a3 Bd6 10. Qc2 h6 11. O-O Nc6 12. Rd1 Nxc3 13. Nxc3 Ne7 14. Qe2, Qe4 Ng6 16. Be3 a6 17. g3 f5 18. Qf3 Rb8 19. Qh5 Ne7 20. d5 e5 21. Ba7, Bb6 g6 23. Bxd8 gxh5 24. Bb6 Bd7 25. b4 Rac8 26. Rac1 Kg7 27. h4 Ng8, Bf1 Nf6 29. Bg2 Rc4 30. Bf1 Rcc8 31. Bg2 Rc4 32. Bf1 Rcc8 1/2-1/2
"So, W.",2792,"Ruiz C, J.",2377,1/2-1/2,"2""]"
N/A,N/A,N/A,N/A,N/A
N/A,N/A,N/A,N/A,N/A
N/A,N/A,N/A,N/A,N/A, d4 Nf6 2. c4 e6 3. g3 d5 4. Bg2 Bb4+ 5. Bd2 Be7 6. Nf3 O-O 7. O-O Nbd7 8., Bf4 Ne4 10. Nc3 g5 11. Be3 Nd6 12. cxd5 cxd5 13. Rfd1 b6 14. Ne5 Bb7, Qa4 Nb8 16. Rac1 f6 17. Bh3 f5 18. Bg2 Nf7 19. Nb5 Qe8 20. Qb3 Na6 21. Nc7, Rxc7 Nxe5 23. dxe5 Rb8 24. Rdc1 Rf7 25. Bd2 Rc8 26. Rxc8 Bxc8 27. Rc7, Rxf7 Qxf7 29. Qa4 Qd7 30. Qxd7 Bxd7 31. Bxg5 Bd4 1/2-1/2
